100LTR         ,100 LTR VOLTAS FREEZER-TRAD             ,          ,          ,
110LTR         ,110 LTR LOTEMP HT FREEZER-TRAD          ,          ,          ,
1200LTR        ,1200 LTR B.STAR HT FREEZER-TRAD         ,          ,          ,
125,100 LTR VOLTAS FREEZER-TRAD             ,          ,          ,
125LTR         ,125 LTR ROCK WELL FRE.HT -TRAD          ,          ,          ,
150LTR         ,150 LTR FREEZER B.STAR HT-TRAD          ,          ,          ,
1B             ,Ic-ov 1l but.scotch caramel -u          ,210,21050000,
1BC            ,IC-OV IL BLACK CURRANT-U                ,          ,          ,
1BCL           ,IC-OV 1L BLACK CURRANT-L                ,          ,          ,
1BL            ,Ic-ov 1l but.scotch caramel-l           ,          ,21050000,
1BLU           ,OVIL BLUEBERY NFL TR-U                  ,          ,21050000,
1BLUL          ,OVIL BLUBERRY NFL TR-L                  ,          ,21050000,
1BS            ,Ic-ov 1l but.scotch caramel -S          ,          ,21050000,
1C             ,Ic-ov 1l  chocolate -u                  ,230,21050000,
1CL            ,Ic-ov 1l  chocolate -l                  ,230,21050000,
1CS            ,1C-OVIL CHOCOLATE-S                     ,          ,21050000,
1FH            ,IC-OVIL FIG AND HONEY-S                 ,          ,          ,
1FS            ,IN-IC FR.ORANGE-U-25 PCS                ,          ,          ,
1GS            ,PROMO2-OV.1L GARD STRAW NF 1-U          ,120,          ,
1GS L          ,PROMO2-OV.1L VERY STRAW NF T-L          ,          ,          ,
1GSL           ,PROMO2-OV.1L VERY STRAW NF T-L          ,          ,          ,
1IDL           ,OVIL ITALIAN DELI TR-L                  ,          ,21050000,
1JF            ,OVIL JACK FRUIT NFL TR-U                ,305,21050000,
1JFJT          ,Ovil jack fru.+jt til nat tr-l          ,305,21050000,
1JFJTL         ,Ov1l  jack  fru.+jt ten.co tr-l         ,          ,21050000,
1JFL           ,OVIL JACK FRUIT NFL TR-L                ,          ,21050000,
1LV            ,IC-IL VANILA-U                          ,          ,          ,
1LVL           ,IC-IL VANILA-L                          ,          ,          ,
1MFV           ,XMAS OVIL MA.ALP+SQ.FPV TR-L            ,          ,          ,
1NC            ,TRUFPK-1L NFL CHIKKU -TR-U              ,230,          ,
1NCL           ,TRUFPK-1L NFL CHIKKU -TR-U              ,230,          ,
1NM            ,TRUFPK-1L NFL MANG.AL..-TR-L            ,220,          ,
1NP            ,TRUFPK-1L NFL PINE APPLE-TR-U           ,          ,          ,
1NTC           ,TRUFPK-1L NFL TENDER COCO.-TR-U         ,290,          ,
1P             ,Ic ov1l  pistagreen-u                   ,210,21050000,
1PA            ,IC-OV 1L PAYASAM-U                      ,170,          ,
1PFP           ,IC OVIL PISTAGREEN+FP VANILA-U          ,          ,          ,
1PJ            ,IC-OV.1L PAYASAM+JT MAN.PR-U            ,170,          ,
1PJL           ,IC-OV.1L PAYASAM+JT MAN.RIPP.PR-L       ,          ,          ,
1pl            ,Ic  ov1l  pistagreen-l                  ,          ,21050000,
1PS            ,Ic ov1l  pistagreen-S                   ,          ,21050000,
1S             ,Ic- ov1l strawberry-u                   ,170,21050000,
1SD            ,1C-OV SPANISH DEL1-U                    ,          ,21050000,
1SL            ,Ic ov1l  strawberry-l                   ,          ,21050000,
1SS            ,Ic- ov1l strawberry-S                   ,          ,21050000,
1TCFV          ,XMAS OVIL TEN.COC+SQFP VA TR-S          ,          ,          ,
1TJF           ,Ovil ten.co+jt jack frut tr-u           ,305,21050000,
1TJFL          ,Ovil ten.co+jt jack fruit  tr-l         ,0,21050000,
1TN            ,Ov1l til naural tr-u                    ,230,21050000,
1V             ,Ic- ov1l vanila-u                       ,160,21050000,
1VL            ,Ic ov-1l vanila-l                       ,          ,21050000,
1VS            ,Ic- ov1l vanila-S                       ,          ,21050000,
200/220LFG     ,200/220 ltr flat glasstop-t             ,          ,8418,
200/220LH      ,200/220 ltr hardtop-t                   ,          ,84183010,
200/225LH      ,200/225 LTR HARDTOP OT                  ,          ,84183010,
200LTR         ,200 LTR B.STAR HT FREEZER-TRAD          ,          ,          ,
200LTR2D       ,200 LTR FR. LT.2 DOOR-TRADI             ,          ,          ,
200LTRG        ,200 LTR GLA TOP BLUE STAR-TRAD          ,          ,          ,
200LTRW        ,200LTR WESTERN FREE. HT-TRADI           ,          ,          ,
200LTRWGT      ,200LTR WESTERN FREE. GT-TRAD            ,          ,          ,
205,205 LTR FREEZER VOLTAS GT-TRADI         ,          ,          ,
205LTR         ,205 LTR FREEZER VOLTASHT-TRAD           ,          ,          ,
205LTRGT       ,205 LTRGLASS TOP-VOLTAS                 ,          ,          ,
21CBR          ,STICK 2IN 1 MINI CHOCOBAR(U)-10PCS      ,76.11,          ,
225G           ,FREEZER WHF 225G WESTERN                ,          ,          ,
225LTR         ,FREEZER 225 LTR HT WESTERN              ,          ,          ,
2TPV           ,IC-2LTR TRUFF PACK VANILA(UNCJO)        ,          ,          ,
300/325 LDH    ,300/325 ltr dd hardtop ot               ,          ,8418,
300/325LDH     ,300/325 ltr dd hardtop ot               ,          ,8418,
300/330        ,300/330ltr hardtop-t                    ,          ,8418,
300CS          ,FR 300LTR CURVED.SLIDING GT BT-T        ,          ,          ,
300LCS         ,FR 300LTR CURVED.SLIDING GT-BL-T        ,          ,          ,
300LDH         ,300 LTR DD HARDTOP-T                    ,          ,8418,
300LFG         ,300 ltr flat glasstop-t                 ,          ,8418,
300LTR         ,300 LTR B.STAR  FREEZER GT-TRAD         ,          ,          ,
300LTR2D       ,300 LTR FR- 2 DOOR LT-HT-TRADI          ,          ,          ,
300LTRCG       ,300 LTR CURVED GLASSTOP-T               ,          ,          ,
300LTRCS       ,FR 300LTR CURV.SLDING GT-BL-T           ,          ,          ,
300LTRGV       ,300LTR FREEZER GT VOLTAS-TRAD           ,          ,          ,
300LTRH        ,300LTR B-STAR HT FREEZER TRAD           ,          ,          ,
300LTRW        ,300LTR WESTERN FREE. HT-TRADI           ,          ,          ,
320LTR         ,320 VOLTAS FR.HARD TOP-TRADIN           ,          ,          ,
320LTRGT       ,320 VOL GLASS TOP FREEZER-TRAD          ,          ,          ,
325L2W         ,FREEZER 325LHTOP 2DOOR WESTERN          ,          ,          ,
360LTR         ,WESTERN CURVED HL.TOP 360-TRAD          ,          ,          ,
400CGV         ,FREEZER 400L CURVED GT-VOLTAS           ,          ,          ,
400LCG         ,400 LTR CURVED GLASSTOP-T               ,          ,84183010,
400LCGV        ,FREEZER 400L CURVED GT-VOLTAS           ,          ,          ,
400LFGT        ,400 LTR FLAT GLASSTOP-T                 ,          ,8418,
400LHT         ,400 ltr hardtop-t                       ,          ,84183010,
400LTR         ,400LTR GLASS TOP FR.VOLTAS-TR           ,          ,          ,
400LTRG        ,400 LTR GLASSTOP FR.VOLT AS-TR          ,          ,          ,
400LTRGT       ,400LTR GLASS TOP FR.VOLTAS-TR           ,          ,          ,
400LTRGTW      ,400LTR GT FREEZER WESTERN-TRA           ,          ,          ,
400LTRHTW      ,400LTR HT FREEZER WESTERN-TRA           ,          ,          ,
405LTRCT       ,405LTR CUR.G.TOP MP LOTEMP-TR           ,          ,          ,
425LTR         ,425 LTR B.STAR FREEZER GT-TRAD          ,          ,          ,
425LTRW        ,FREEZER 425LTR WESTERN-TRADING          ,          ,          ,
425W           ,FREEZER 425 LT WESTERN-TRADING          ,          ,          ,
800LHT         ,800 LTR HARD TOP -T                     ,          ,8418,
AB             ,STIC AMERICAN BAR(LAZZA)                ,          ,          ,
ABL            ,STICK  AMERIKAN BAR (LAZZA)             ,          ,          ,
AGV            ,FD-AG VANILA-Y#                         ,          ,21050000,
AV             ,FD-AG VANILA-Y                          ,210,21050000,
AVL            ,FD- AMGAPK VANILA (LAZZA)               ,          ,          ,
B              ,Fd-ball 80ml vanila-y# (12 pcs )        ,120,21050000,
B15            ,Ball 100ml vanila red tr-u 12pcs        ,180,21050000,
BALS           ,FD-BALL(SKEI)                           ,66.94,          ,
BALZ           ,FD-BALL(LAZZA)                          ,120,          ,
BCS            ,FD-BC STRAWBERRY-U 18 PCS               ,          ,          ,
BCV            ,BC VANILA(UNCJO)-18PCS                  ,          ,21050000,
BCVL           ,BC VANILATR-L (18 PCS)                  ,          ,21050000,
BEEDING        ,MAGNETIC BEEDING                        ,          ,          ,
BK             ,St bowring  kulfi-y# (12 pcs)           ,          ,21050000,
BK BLACK       ,FD-BKBLACK CURRENT (UNCJO)              ,175.82,          ,
BK PINE        ,FD-BK PINEAPPLE (UNCJO)                 ,0,          ,
BKB            ,Fd bk but.scotch caramel-u              ,415,21050000,
BKBC           ,Fd-bkblack current (uncjo)              ,490,          ,
BKBCL          ,Fd-bk  black currant (lazza)            ,0,21050000,
BKBCS          ,Fd-bk black currant-s#                  ,0,21050000,
BKBL           ,BK BUTTERSCOTCH CARA.(LAZZA)            ,          ,21050000,
BKBLB          ,BK BLUBERRY NFL TR-S                    ,          ,          ,
BKBLS          ,FD-BK BLACK CURRANT(SKEI)               ,0,          ,
BKBLU          ,Bk blueberry nfl tr-u                   ,          ,21050000,
BKBLUL         ,Bk blueberry nfl tr-l                   ,          ,21050000,
BKBLUS         ,Bk blueberry nfl tr-s                   ,          ,21050000,
BKBPL          ,FD-BK BUTTERSCOTCH PLAIN(LAZZA)         ,          ,          ,
BKBPS          ,FD-BK BUT.SCOTCH PLAIN-S                ,0,21050000,
BKBS           ,Fd-bk but.scotch caramel -s             ,0,21050000,
BKC            ,Fd-bk chocolate -u#                     ,490,21050000,
BKCF           ,Fd-bk coffee-u#                         ,          ,21050000,
BKCFL          ,BK COFFEE(LAZZA)                        ,          ,          ,
BKCFS          ,Fd-bk coffee-s#                         ,          ,21050000,
BKCL           ,BK CHOCOLATE(LAZZA)                     ,          ,21050000,
BKCRL          ,FD BK CHOCOLATE RIPPLE (LAZZA)          ,          ,          ,
BKCS           ,Fd-bk chocolate-s                       ,0,21050000,
BKD            ,BK-DELETE                               ,          ,          ,
BKDS           ,FD-BK SPANISH DELITE(SKEI)              ,          ,          ,
BKED           ,Fd-bk english delite-s                  ,0,21050000,
BKFH           ,Fd- bk fig and honey-u                  ,          ,21050000,
bkfhl          ,Fd-bk fig and honey -l#                 ,          ,21050000,
BKFHS          ,Bk fig and honey-s                      ,0,21050000,
BKIDL          ,Fd-bk  italian delete-l#                ,          ,21050000,
BKJF           ,Bk jack frit tr u                       ,          ,21050000,
BKJFL          ,Bk jack frit tr -l#                     ,          ,21050000,
BKJFS          ,Bk jack frit tr S                       ,          ,21050000,
BKK            ,Fd-bk kulfi-u#                          ,          ,21050000,
BKKL           ,Fd bk  kulfi-l#                         ,          ,21050000,
BKKP           ,BK KESAR PISTA(UNCJO)                   ,          ,          ,
BKKPS          ,BK KESAR PISTA-S#                       ,          ,21050000,
BKKS           ,Fd-bk kulfi-s#                          ,          ,21050000,
BKL            ,Fd-bk kulfi-l#                          ,          ,21050000,
BKM            ,Fd-bk mango-u#                          ,360,21050000,
BKML           ,Bk mango (lazza)                        ,          ,21050000,
BKMS           ,Fd-bk mango-s#                          ,138.59,21050000,
BKNB           ,FD-BK NUT BUTTERSCOTCH                  ,          ,          ,
BKO            ,Bk-orange                               ,118.43,21050000,
BKOL           ,BK ORANGE(LAZZA)                        ,          ,21050000,
BKOS           ,Fd -bk orange - s                       ,123.59,21050000,
BKP            ,Fd-bk pista green- u#                   ,415,21050000,
BKPA           ,Fd - bk payasam-u                       ,          ,21050000,
BKPAL          ,FD-BK PAYASAM(LAZZA)                    ,          ,          ,
BKPAS          ,BK PAYASAM(SKEI)                        ,          ,          ,
BKPG           ,BK. PISTAGREEN(UJ)                      ,          ,          ,
BKPI           ,Bk pineapple(uncjo)                     ,132.38,21050000,
BKPIL          ,BK PINEAPPLE(LAZZA)                     ,          ,21050000,
BKPIS          ,FD-BK PINEAPPLE (SKEI)                  ,          ,21050000,
BKPL           ,Fd-bk  pistagreen-l#                    ,          ,21050000,
BKPP           ,BK PISTACHIO(UNCJO)                     ,          ,          ,
BKPS           ,Fd-bk pista green-s#                    ,0,21050000,
BKS            ,Fd-bk strawbery-u#                      ,360,21050000,
BKSD           ,Fd-bk spanish delite-u#                 ,540,21050000,
BKSDS          ,BK SPANISH DELETE(SKEI)                 ,          ,          ,
BKSG           ,BK STRAWBERRY( GALA)                    ,98.48,          ,
BKSL           ,BK STRAWBERRY(LAZZA)                    ,0,21050000,
BKSP           ,BK SPANISH DELETE                       ,          ,          ,
BKSRL          ,FD-BK STRAWBERRY RIPPLE(LAZZA)          ,          ,          ,
BKSS           ,Fd-bk strwberry -s#                     ,0,21050000,
BKTC           ,Bk tender coco.nfl tr-u                 ,830,21050000,
BKTCL          ,Bk tender coco.nfl tr-l                 ,0,21050000,
BKTCS          ,Bk tender coco.nfl tr-l                 ,          ,21050000,
BKV            ,Fd-bk vanila (uncjo)                    ,          ,21050000,
BKVL           ,Fd-bk vanilla-l#                        ,          ,21050000,
BKVS           ,Bk vanila-s#                            ,0,21050000,
BOX            ,INSULATED BOX BIG                       ,          ,          ,
BPB            ,BP BUTTERSCOTCH CARAME(UNCJO)-18PCS     ,          ,          ,
BPFH           ,BP FIG&HONEY                            ,163.89,          ,
BPP            ,BP PISTAGREEN (UNCJO-18 PCS)            ,          ,          ,
BPS            ,BP STRAWBERRY(UNCJO)-18                 ,          ,          ,
BPSD           ,BP SPANISH DELETE (uncjo)               ,          ,          ,
BPV            ,FD-BP VANILA (UNCJO)                    ,91.66,          ,
BPVL           ,BP VANILA(LAZZA)                        ,          ,          ,
BPVS           ,BP VANILA(SKEI)                         ,91.88,          ,
C              ,FD-COMPAC CAR. BUTTERSCOTCH             ,0,          ,
CAPRI          ,IC-CAPRI 150ML BUTTERSCOTCH (LAZ)-12 PCS,          ,          ,
CB             ,NO 125ML CHOCO BANAN 1+1 TR-L (12 PCS)  ,0,21050000,
CBL            ,IC- CAPRI-150ML BUTTERSCOTCH ((LAZZA) 12,220,          ,
CBP            ,Ic-st chocobar  big pou 14 nos-u(14 pcs),280,21050000,
CBP5           ,CHOCSTICK POU 50ML-U-18 PCS             ,          ,          ,
CBPL           ,IC-ST CHOCOBAR BIGPOUCH-14 L            ,220,21050000,
CBPS           ,IC-ST CGOCOBAR BIG POUCH 14 NOS -S-14PCS,          ,21050000,
CBR            ,IC-STICK CHOCSTICK (UNCJO)              ,210,          ,
CBR31          ,IC CHOCOBAR 3 IN 1(UNCJO) -3 PCS        ,          ,          ,
CBRL           ,STICK CHOCSTICK(LAZZA)                  ,116.01,          ,
CBRP           ,IC-CHOCOSTIC IN POUCH(UNCJO)-18pcs      ,125.21,          ,
CBRPS          ,IC-CHOCOSTICK IN POUCH-18pcs            ,125.21,          ,
CBRS           ,STICK CHOCSTICK(SKEI)                   ,0,          ,
cc             ,CASHEW CHIKKI                           ,          ,          ,
CCB            ,CONE CAPRI BL.CURNT 150ML TR-L- 12 PCS  ,          ,          ,
CCL            ,IC-CAPRI 120ML CHOCOLATE-L 12 PCS       ,          ,          ,
CDC            ,Fd-ca  cassata deluxe con -u#(10 pcs)   ,          ,21050000,
CDCL           ,Fd-ca cassata deluxe con -l (10 pcs)    ,280.71,21050000,
CDCS           ,FD-NO CASSATTA DELUXE CON -U-10 PCS     ,280,          ,
CECS           ,IC-ENGLISH CHOCOLATE-S 12PCS            ,          ,          ,
CG             ,CANDY FR.GRAPE(UNCJO)                   ,25.35,          ,
CGL            ,ICE CANDY FR. GRAPE(LAZZA)              ,0,          ,
CGS            ,ICE CANDY UNFR. GRAPE(SKEI)             ,25.09,          ,
CHC            ,FD-NO-CASSATA TF HALF CIRCLE-U#-18PCS   ,          ,          ,
CLP            ,IC-CON LAZZANO PISTA-L 12PCS            ,          ,          ,
CMCL           ,ST-CHOCOBAR MINI CHRIPSY TR-L (19 PCS)  ,          ,21050000,
CMO            ,IC-CONE MARASHINO ORANGE-U-12PCS        ,0,          ,
CMP            ,IC-CONEMARASHINO PISTA-U-12PCS          ,0,          ,
CNS            ,IC-CONTOP 150ML NAT.STRAWBERRY-U 12PCS  ,          ,          ,
CNSL           ,IC-CAPRI 150ML NAT.STRAWBERY-L-12PCS    ,          ,          ,
CO             ,IC-ICE CANDY ORANGE                     ,25.09,          ,
COCL           ,NO CAPRI-CHOCOLATE(LAZZA)               ,          ,          ,
COM            ,Fd-compac car butterscotch-(15 pcs)     ,300,21050000,
COML           ,COMPAC ITALIAN DELIGHT (LAZZA)          ,0,          ,
COMP           ,COMPRESSOR THK 1340                     ,          ,          ,
COMS           ,COMPAC CARAMEL BUTERSCOTCH(SKEI)        ,          ,          ,
COMSD          ,COMPAC SPANISH DELIGHT(UNCJO)           ,          ,          ,
CON            ,Ic-cone top  but.scotch u-(12 pcs)      ,0,21050000,
CONC           ,Ic-no cone top chocolate-u (12 pcs)     ,0,21050000,
CONCL          ,NO CAPRI-CHOCOLATE(LAZZA)               ,          ,21050000,
CONCO          ,NO CONTOP CHOCOLATE(UNCJO)              ,          ,          ,
COND           ,CONE CAPRI 120ML  ITA.DEL TR-L (12 PCS) ,0,21050000,
CONECS         ,CONE ENGLISH CHOCOLATE-S 12PCS          ,          ,          ,
CONFH          ,"IC-CONE CAP 120ML FIG N"" HONEY-L (12 PCS",0,21050000,
CONL           ,Ic-cone capri but.scotch-l (12 pcs)     ,          ,21050000,
CONNS          ,Ic-cone top  NAT.STRAW- u-(12 pcs)      ,          ,21050000,
CONNSL         ,Ic-cone top  NAT.STRAW- L-(12 pcs)      ,          ,21050000,
CONS           ,IC-CON ENGLISH  BUT.SCOTCH-S (12PCS)    ,210,21050000,
CONV           ,IC-NO CONTOT VANILA-UNCJO-20PCS         ,          ,          ,
COU            ,CANDY UNFR.ORANGE                       ,19.85,          ,
CPL            ,ICE CANDY PINE APPLE(LAZZA)             ,25.35,          ,
CPPL           ,ICE CANDY PINE APPLE(LAZZA)             ,25.09,          ,
CPU            ,ic-st chocstick pou 50ml-u (18)         ,          ,21050000,
CSC            ,CASSATTA SLICE IN CARTON(125ML          ,          ,          ,
CSH            ,CA CASSATTA SWEET HEART TR U-10 PCS     ,          ,          ,
CSP            ,IC-CONE SKIANO PISTA-S-12PCS            ,          ,          ,
CSR            ,Ca cassatta slice ro.con. tr-u # ( 10 pc,          ,21050000,
CTF            ,FD-CA CASSATA TWI FLY.CAR-U - 24 PCS    ,360,          ,
CTFC           ,Ca cassata  twin flv.car tr-y#(24pcs)   ,          ,21050000,
CTS            ,IC-CONE TOP NAT.STRAW-U-12 PCS          ,          ,          ,
CURLS          ,FD-CURLS 125 ML (UNCJO)-10PCS           ,150,          ,
CV             ,IC-NO CONTOT VANILA-UNCJO-20PCS         ,          ,          ,
CWC            ,CASSATTA SLICE IN CARTON(125ML          ,          ,          ,
D              ,DX CASSATTA (UNCJO)                     ,114.28,          ,
DA             ,IC-DUET APPLE(UNCJO)                    ,          ,          ,
DAL            ,IC-DUBLE APPLE(LAZZA)                   ,          ,          ,
DAS            ,IC-DUBLE APPLE(SKEI)                    ,          ,          ,
DCNCL          ,DEL CASSATA N CONTAINER-L               ,          ,          ,
DF             ,IC-DELUX FUNDAE (UNCJO)-10PCS           ,          ,          ,
DFC            ,NO DEL. FUNDAECHOCOLATETR-L -6 PCS      ,          ,          ,
DFCL           ,NO DEL.FUNDAE CHOCOLATE TR-L 6 PCS      ,          ,          ,
DFL            ,DELUXE FUNDAE-(LAZZA)                   ,          ,          ,
DFPS           ,NO DEL.FUNDAE PISTA TR-S -6PCS          ,120,          ,
DFS            ,NO DEL. FUNDAE STRAWBERRY TR-L -6 PCS   ,120,          ,
DGA            ,IC-DUBLE GREEN APPLE-(UNCJO)-18PCS      ,          ,          ,
DGAL           ,IC-DUBLE GREEN APPLE-(LAZZA)-18PCS      ,          ,          ,
DGAP           ,Ic-st du  green apple pou 75ml-u (14pcs),280,21050000,
DGAPL          ,IC-DUBLE GREEN APPLE POU 75ML-(L)-14PCS ,          ,21050000,
DL             ,DELEX CASSARTTA(LAZZA)                  ,          ,          ,
DM             ,DUET MANGO(UNCJO)                       ,210,          ,
DML            ,DUBLE MANGO (LAZZA)                     ,120.09,          ,
DMM            ,Ic-st du mango munch pou -u (14 pcs)    ,280,21050000,
DMML           ,Ic-st du magnum mango pouch-l (14 pcs)  ,          ,21050000,
DMP            ,DUBLE MANGO IN POUCH(UNCJO)-18          ,210,          ,
DMPL           ,DUBLE MANGO IN POUCH(LAZZA)             ,          ,          ,
DMPS           ,DUBLE MANGO IN POUCH(SKEI)-15PCS        ,          ,          ,
DMS            ,DUBLE MANGO(SKEI)                       ,          ,          ,
DP             ,DUBLE PINEAPPLE-18                      ,210,          ,
DPL            ,DUBLE PINEAPPLE(LAZZA)-18               ,          ,          ,
DR             ,Ic-st du  raspberry pou 75ml-u (14pcs)  ,280,21050000,
DRL            ,IC-ST DU RASPBERRYPOU  75ML-L (14PCS)   ,          ,21050000,
DRP            ,IC-ST DU RASBERRY POUCH 50ML-U-18 PCS   ,          ,          ,
DRS            ,IC-DUBLE RASPBERRY(SKEI)                ,          ,          ,
DS             ,DX CASSARTA(SKEI)                       ,          ,          ,
DSL            ,DRUM STICK (LAZZA)                      ,          ,          ,
DUB            ,IC-DUBLE (UNCJO-LAZZA)                  ,0,          ,
EC             ,ENGLISH CONE(SKEI)                      ,          ,          ,
ECC            ,IC-E.CON 120ML CHOCOLATE-S-12PCS        ,          ,          ,
EPSL           ,ECONOMIC PACK STRWBERRY(LAZZA)          ,          ,          ,
EPV            ,FD-ECONOMICPAC VANILA(UNCJO)            ,65.1,          ,
EPVL           ,FD-ECONOMI PACK (LAZZA)                 ,0,          ,
FCL            ,Ic-su fundae cocktail-l (10pcs )        ,200,21050000,
FCP            ,IC-SU FUNDAE CHOCO.PASSION-L (16 PCS)   ,          ,21050000,
FDC            ,Ic-su fundae deluxe  chocolate -u ( 6 pc,0,21050000,
FDCL           ,Ic-su  fundae  deluxe  chocolate tr-l( 6,          ,21050000,
FDCS           ,Ic-su fundae deluxe  chocolate -S ( 6 pc,          ,21050000,
FDM            ,Ic-su fundae deluxe mango-u ( 6 pcs)    ,150,21050000,
FDP            ,Ic-su fundae delux pistha-s (6 pcs)     ,0,21050000,
FDPS           ,Ic-su fundae delux  pis.str&pin-u (6 pcs,180,21050000,
FDPSL          ,Ic-su  fundae delux  pis.str & pin- l (6,          ,21050000,
FDPSS          ,IC-SU FUNDAE DELUX PISTA-S (6 PCS)      ,          ,21050000,
FDS            ,IC-NO FUNDAE DELUX STRABERRY-U-6PCS     ,          ,          ,
FDSL           ,Ic-su  fundae delux straberry-l-6pcs    ,0,21050000,
FF             ,FRUIT FUNDAE(UNCJO)                     ,270,21050000,
FFL            ,FRUIT FUNDAE(LAZZA)-6PCS                ,150,21050000,
FFS            ,FRUIT FUNDAE(SKEI)-5 PCS                ,          ,          ,
FL             ,FUNDAE 100ML(LAZZA)-15 PCS              ,          ,          ,
FP             ,Ic-sq fp strawbery -u                   ,90,21050000,
FPB            ,Ic-sq fp 500ml  but.scotch car-u        ,110,21050000,
FPBL           ,Ic-fp 500ml  but.scoth car-l            ,70,21050000,
FPBS           ,IC-SQ.FP500 BUTTERSCOTCH CARAM(S)       ,32.37,          ,
FPC            ,Ic-sqfp 500ml  chocolate-u              ,120,21050000,
FPCL           ,Ic-sq fp 500ml  chocolate -l            ,          ,21050000,
FPCP           ,FP CHOCOLATE PLUS(UNCJO)                ,          ,          ,
FPCS           ,IC-SQ.FP500 CHOCOLATE(S)                ,          ,          ,
FPFH           ,IC-FP FIG HONEY (UNCJO)                 ,          ,          ,
FPGS           ,FP GARDEN STRAWBERRY(UJ)                ,          ,          ,
FPJF           ,Sq fp 500ml jack frui nfl tr-u          ,180,21050000,
FPJFL          ,Sq fp 500ml jack frui nfl tr-l          ,          ,21050000,
FPJFS          ,SQ FP 500ML JACK FRUI NFL TR-S          ,          ,          ,
FPM            ,FAMILY PACK MANGO                       ,          ,          ,
FPMA           ,Sq.fp 500ml  man. alpho nfl   tr-u      ,          ,21050000,
FPMA10S        ,SQ FP 500ML MA.ALP .N (10+1) TR-S (11 PC,          ,21050000,
FPMAL          ,Sq.fp 500ml  man. alpho nfl   tr-l      ,          ,21050000,
FPMAS          ,Sq.fp 500ml  man. alpho nfl   tr-S      ,          ,21050000,
FPMN           ,Sq fp 500ml man.alpho nfl tr u          ,140,21050000,
FPNB           ,FP NUT BUTTERSCOTCH (UNCJO)             ,70,          ,
FPO            ,FP ORANGE(UNCJO)                        ,          ,          ,
FPP            ,Ic-sq fp 500ml  pista green- u          ,110,21050000,
FPPA           ,FP PAYASAM(UNCJO)                       ,          ,          ,
FPPL           ,Ic-sq fp 500ml  pistagreen-l            ,110,21050000,
FPS            ,Ic-sq fp strawbery -u                   ,90,21050000,
FPSL           ,Ic-sq fp 500ml strawberry(l)            ,50,21050000,
FPSP           ,Ic-sq.fp 500ml  strawberry plus -u      ,90,21050000,
FPSS           ,IC-SQ.FP500FSTRAWBERRY(S)               ,31.69,          ,
FPTC           ,Sq fp 500ml tend. coco nfl tr-u         ,180,21050000,
FPTC10         ,SQ FP 500ML TEN.CO.N (10+1) TR-U (11 PCS,          ,21050000,
FPTC10S        ,SQ FP 500ML TEN.CO.N (10+1) TR-S (11 PCS,          ,21050000,
FPTCL          ,Sq fp 500ml tend. coco nfl tr-l         ,          ,21050000,
FPTIL          ,Sq fp 500ml til natural tr u.           ,120,21050000,
FPTMA          ,SQ FP 500ML MAN.ALPHO NF TR U.          ,          ,          ,
FPV            ,Ic-sq-fp 500ml  vanila u                ,85,21050000,
FPVL           ,Ic-sq fp 500ml  vanila-l                ,55,21050000,
FPVS           ,FP VANILA(SKEI)                         ,28.56,          ,
FREEZE PAD     ,FREEZE PAD ORDINARY                     ,          ,          ,
FSD            ,IC-FUNDAE STRA. DESSERT MIST-L (16)     ,0,21050000,
FSP            ,FD-FUNDAE SWINGER PISTA-S# (16 PCS)     ,          ,21050000,
FTPG           ,TP GARDEN STAWBERRY                     ,          ,          ,
FZR400         ,FZR 400LTR HT B.STAR-TR                 ,          ,          ,
GAP            ,IC-ST DU GREEN APPLE POUCH 50ML-U-18 PCS,          ,          ,
GB             ,Ic-su  gud bud- u (6 pcs)               ,240,21050000,
GBL            ,IC-NO GUD BUD(LAZZA)                    ,          ,          ,
GBS            ,Ic-su gud bud- s(6 pcs)                 ,          ,21050000,
ICG            ,IC-ICE CANDY GRAPE                      ,25.09,          ,
ICGL           ,ICE CANDY GRAPE (LAZZA)                 ,25.09,          ,
ICGS           ,ICE CANDYGRAPE(SKEI)-25                 ,          ,          ,
ICO            ,IC-ICE CANDY ORANGE                     ,          ,          ,
ICO3           ,IN-ICE CANDY FR.ORANGE(UNCJO)-25 PCS    ,          ,          ,
ICOF           ,IN-IC FR. ORANGE-U-25 PCS               ,          ,          ,
ICOFL          ,IN-ICE CANDY FR.ORANGE(LAZZA)-25 PCS    ,          ,          ,
ICOFS          ,IC-ICE CANDY FR.ORANGE(SKEI)-25PCS      ,          ,          ,
ICOS           ,ICE CANDY ORANGE (SKEI)-25PCS           ,          ,          ,
ICP            ,IC-ICE CANDY PINEAPPLE                  ,          ,          ,
ICPL           ,ICE CANDY PINE APPLE(LAZZA)             ,          ,          ,
ICPS           ,ICE CANDY PINEAPPLE(S)                  ,          ,          ,
ICR            ,IN-ICECANDY FR.RASPBERRY(UNCJO) -25 PCS ,          ,          ,
IFG            ,IC-IC FR.GRAPE-U-25 PCS                 ,          ,          ,
IFGL           ,IC-IC FR.GRAPE-U-25 PCS                 ,          ,          ,
IFO            ,In-ic fr.orange-y( 25 pcs)              ,          ,21050000,
IFOL           ,IN-IC FR.ORANGE-L-25 PCS                ,          ,          ,
IFOS           ,IN-IC FR.ORANGE-S-25 PCS                ,          ,          ,
IFP            ,In-ic fr.pineapple-y-(25)               ,50,21050000,
ifs            ,1IN-IC FR.STRAWBERRY-U-25 PCS           ,75,          ,
IPA            ,IC-OV 1L PAYASAM-U                      ,          ,          ,
ISCL           ,IC STICK COCOSTIC(LAZZA)-22PCS          ,91.55,          ,
JPB            ,JP BUT.SCOTCH (UJ)                      ,184.25,          ,
JPBC           ,JP BLACK CURRENT(UNJO)                  ,177.12,          ,
JPBCL          ,JP BLACK CURRENT(LAZZA)                 ,184.79,          ,
JPBL           ,JP BUTTERSCOTCH(LAZZA)                  ,          ,          ,
JPC            ,JP CHOCLATE(UNCJO)                      ,0,          ,
JPCL           ,JP CHOCOLATE(LAZZA)                     ,          ,          ,
JPCOL          ,JP COFEE(LAZZA)                         ,          ,          ,
JPDL           ,JP ITA.DELITE (LAZZA)                   ,          ,          ,
JPFHL          ,JP FIG&HONEY(LAZZA)                     ,202.09,          ,
JPID           ,JP ITA.DELITE (LAZZA)                   ,202.93,          ,
JPIDL          ,JP ITALIAN DELITE(LAZZA)                ,          ,          ,
JPK            ,JP KULFI                                ,          ,          ,
JPKP           ,JP KESAR PISTA                          ,          ,          ,
JPKPL          ,JP KESAR PISTA(LAZZA)                   ,          ,          ,
JPM            ,JP-MANGO                                ,162.22,          ,
JPML           ,JP MANGO(LAZZA)                         ,162.22,          ,
JPO            ,JP ORANGE(UNCJO)                        ,141.22,          ,
JPOL           ,JP ORANGE(LAZZA)                        ,141.22,          ,
JPP            ,JP PISTA GREEN(UNCJO)                   ,0,          ,
JPPA           ,FD-JP PAYASAM(UNCJO)                    ,172.81,          ,
JPPAL          ,JP PAYASAM(LAZZA)                       ,184.79,          ,
JPPIL          ,JP PINEAPPLE (LAZZA)                    ,148.77,          ,
JPS            ,JP STRAWBERRY(UJ)                       ,142.57,          ,
JPSD           ,JP SPANISH DELITE(UJ)                   ,          ,          ,
JPSDS          ,JP SPANISH DELETE(SKEI)                 ,          ,          ,
JPSL           ,JP STRAWBERRY(LAZZA)                    ,0,          ,
JPV            ,JP VANILA                               ,          ,          ,
JPVL           ,JP VANILA(LAZZA)                        ,          ,          ,
JPVS           ,JP VANILA(SKEI)                         ,          ,          ,
JTPA           ,FD-JT PAYASAM-U                         ,          ,          ,
JTS            ,Fd-jt strawberry-u #                    ,40,21050000,
JTSL           ,JT STRAWBERRY(LAZZA)                    ,          ,          ,
JTSS           ,Fd-jt strawberry-S #                    ,          ,21050000,
JTV            ,Fd-jt vanila-u#                         ,35,21050000,
JTVL           ,JT VANILA(LAZZA)                        ,          ,          ,
JTVS           ,Fd-jt vanila-S#                         ,          ,21050000,
KB             ,St kulfi bar-u                          ,60,21050000,
KBL            ,St kulfi bar tr-l# (12 pcs)             ,          ,21050000,
KCN            ,IC-ST KULFI CAR NEW -18 PCS-U-18 PCS    ,          ,          ,
LB             ,NO LAZZAND BUTTERCOTCH-(L)-12PCS        ,          ,          ,
LOG            ,IL-ST LO GRAPE. POU-U                   ,          ,          ,
LOM            ,IL-LO MANGO-U                           ,          ,          ,
LOM-L          ,IL-LO MANGO-L-24 PCS                    ,          ,          ,
LOML           ,IL-LO MANGO-L-24 PCS                    ,          ,          ,
LOO            ,IL- ST LO ORANGE POU-U-24 PCS           ,          ,          ,
LOP            ,IL-LO PINEAPPLE-U                       ,          ,          ,
LOS            ,IL-LO STRAWBERRY-U-24                   ,          ,          ,
LOSL           ,IL-LO STRAWBERRY-L 24PCS                ,          ,          ,
LPB            ,IC-LP BUT.SCOTCH CARAMEL 24 PCS         ,          ,          ,
LPCVL          ,IC-LP VANILA 24 NOS (L-24 PCS           ,          ,          ,
LPP            ,IC-LP PISTA GREEN 24 PCS                ,          ,          ,
LPS            ,IC-LP STRAWBERRY 24 NOS-U-24 PCS        ,          ,          ,
LPV            ,IC-LP VANILA (UNCJO)-18PCS              ,          ,          ,
LPVC           ,Ic-lp vanila cup 24 nos-u ( 24 pcs)     ,240,21050000,
LPVCL          ,IC-LP VANILA  CUP 24 NOS (L)-24 PCS     ,          ,21050000,
LPVL           ,IC LP VANILA(LAZZA) -18 PCS             ,          ,          ,
LPVS           ,IC-LP VANILA(SKEI)-18PCS                ,          ,          ,
MAGNA          ,NO MAGNA (UNCJO)-12 pcs                 ,193.99,          ,
MB             ,NO MARASHINO BUT.SCOTCH(UJ)-12          ,          ,          ,
MC             ,FD-NO-TWIN FLV CASSATA CARTON           ,240,          ,
MCPV           ,MINICUP PAPER VANILA(UNCJO)-30PCS       ,          ,          ,
MCPVL          ,FD-MINICUP PAPER VANILA-(LAZZA)         ,          ,          ,
MCPVS          ,MINICUP PAPER VANILA(SKEI)-30PCS        ,          ,          ,
MCV            ,Fd-mc vanila-y# (30 pcs)                ,150,21050000,
MCVL           ,IC-MC VANILA-L 30 PCS                   ,0,          ,
MCVS           ,FD-MC VANILA-S-30PCS                    ,          ,          ,
MCVU           ,Fd-mc vanila-U# (30 pcs)                ,          ,21050000,
MD             ,MATKA DELITE(uncjo)                     ,61.97,          ,
MDL            ,MADKA DELETE(LAZZA)                     ,63.52,          ,
MDS            ,MADKA DELETE(SKEI)                      ,63.53,          ,
MEGA           ,STICK MEGA(UNCJO)-12PCS                 ,127.26,          ,
MINICBR        ,STIC 2IN 1MINI CHOCOBAR(U)-10PCS        ,          ,          ,
MINICBRL       ,MINI CHOCOTSIK(LAZZA)                   ,          ,          ,
MK             ,MATKA KULFI                             ,240,21050000,
MKL            ,Matka kulfi (lazza)                     ,          ,21050000,
MKS            ,Matka kulfi(skei)                       ,          ,21050000,
MNM            ,Ic-no mango in mango-u (12pcs)          ,300,21050000,
MNML           ,FD-MAN.IN MANGO(LAZZA)                  ,          ,21050000,
MNMS           ,FD-MAN IN MANGO(SKEI)                   ,          ,          ,
MO             ,ICMARSHINO 90MLORANGE U 12 PCS          ,          ,          ,
MORE           ,MORE CONE (LAZZA)                       ,124.73,          ,
MP             ,ICMARSHINO 90ML PISTA U 12 PCS          ,          ,          ,
MPS            ,MP STRAWBERRY (UNCJO)-24PCS             ,          ,          ,
MPV            ,FD-MINICUP PAPER VANILA-(UNCJO)-30 PCS  ,63.84,          ,
MPVL           ,MINICUP PAPER  VANILA(LAZZA)-30PCS      ,63.84,          ,
MPVS           ,MP VANILA(SKEI)-24PCS                   ,63.84,          ,
MS             ,Fd-su sundae cockta. mini -15nos-y# ( 15,225,21050000,
MSC            ,FD-MILKY SIPUP CHOCOLATE (UNCJO)        ,          ,          ,
MSL            ,FD-MINI SUNDAE COCKTAIL LAZZA           ,109.01,          ,
MSS            ,MINI SUNDAE(SKEI)                       ,          ,          ,
NBKB           ,NUT-BULK BUTTERSCOTCH                   ,          ,          ,
NSA            ,NUTS SUGAR COAT WITH ALMOD FLY          ,          ,8111010,
NUTS           ,Nuts sugar coated                       ,73.38,8111010,
NY             ,FD-NO NEW YORKER(UNCJO)-12PCS           ,          ,          ,
PB             ,PUFF BOX                                ,          ,          ,
PDP            ,PRODUCT DISPLAY POSTERS(UNCJO)          ,          ,          ,
PLB            ,FD-PL BUTTERSCOTCH (UNCJO)              ,          ,          ,
PLBC           ,PL BLACK CURRANT(UJ)                    ,65.73,          ,
PLBL           ,PL BLACK CURRANT(UJ)                    ,          ,          ,
PLBS           ,PL BUTTERSCOTCH (SKEI)                  ,          ,          ,
PLBZ           ,FD-PL BUTTERSCOTCH CARAME LAZZ          ,64.88,          ,
PLC            ,FD-PL CHOCOLATE(UNCJO)                  ,65.08,          ,
PLFH           ,PL FIG AND HONEY(LAZZA)                 ,          ,          ,
PLM            ,PL MANGO                                ,          ,          ,
PLO            ,PL ORANGE                               ,          ,          ,
PLP            ,FD-PL PISTAGREEN(UNCJO)                 ,66.4,          ,
PLPA           ,PL PAYASAM(UJ)                          ,65.73,          ,
PLPAL          ,PL PAYASAM (LAZZA)                      ,64.13,          ,
PLPAY          ,PL PAYASAM[UNCJO]                       ,75.36,          ,
PLPI           ,PL PINE APPLE(UJ)                       ,          ,          ,
PLPS           ,PL PISTAGREEN(SKEI)                     ,          ,          ,
PLPZ           ,PL PISTAGREEN (LAZA)                    ,          ,          ,
PLS            ,FD-PL STRAWBERY (UNCJO)                 ,51.64,          ,
PLSD           ,PL SPANISH DELETE(UNCJO)                ,65.72,          ,
PLSL           ,PL STRAWBERRY(LAZZA)                    ,          ,          ,
PLSS           ,PL STRWABERRY (SKEI)                    ,          ,          ,
PLV            ,FD-PL VANILA (UNCJO)                    ,42.52,          ,
PLVS           ,PL VANILA(SKEI)                         ,49.28,          ,
PLVZ           ,FD-PL VANILA (LAZZA)                    ,          ,          ,
PPS            ,PP 1.25 STRAWBERRY(UNCJO)               ,0,          ,
RCT            ,IC-RICH CHOCOLATE TWIST(UNCJO)6 PCS     ,          ,          ,
RED            ,Fd- no redberry- u (12 pcs)             ,180,21050000,
REDL           ,FD-NO REDBERRY(LAZZA) 12PCS             ,          ,21050000,
REDS           ,FD-RED BERY (SKEI) 12 PCS               ,          ,          ,
RK             ,St rocket kulfi tr- l 15 pcs            ,0,21050000,
S              ,SPOON                                   ,          ,          ,
S100           ,FD-SWIRL 100 ML (UNCO)-15 PCS           ,          ,          ,
S100S          ,FD-SWINGER 100ML (SKEI)-15 PCS          ,          ,          ,
S2             ,FR STICKER 200 WESTERN-UNCJO            ,          ,          ,
S2UV           ,FR STICKER 200 UNCJO-VOLTAS             ,          ,3919,
S3             ,FR STICKER 300 LTR UNCJO-WESTER         ,          ,          ,
S4             ,FR. STICKER 400 LTR UNCJO-WESTER        ,          ,          ,
S4BS           ,FR STICKER 400 LTR  BLUE STAR-UJ        ,          ,3919,
SABL           ,IC-STIC AMERICAN BAR (LAZZA)-12PCS      ,          ,          ,
SB             ,SOCCER BALL VANILA (UNCJO)              ,          ,          ,
SBC            ,IC-STICK BIG CHOCOBAR-14                ,          ,          ,
SBCL           ,IC-STIC BIG CHOCOBAR(LAZZA)-12PCS       ,          ,          ,
SC             ,IC-ST CHOCSTIC 19 PCS(UNCJO)            ,          ,          ,
SCBR           ,STICK CHOCOBAR(UNCJO)-22                ,104.06,          ,
SCCVL          ,SCC VANILA(SKEI)                        ,          ,          ,
SCCVS          ,SCC VANILA(SKEI)                        ,79.14,          ,
SCL            ,SC VANILA (LAZZA)                       ,0,          ,
SCL22          ,STICK COCOSTIC(LAZZA)-22                ,103,          ,
SCM            ,FD-SU SUNDAE COCKTAIL MINI-30 PCS       ,450,          ,
scmp           ,Fd -st  chocstick mini pou  22 nos-y(22 ,          ,21050000,
SCP            ,IC-STICK CHOCSTICK POUCH 35ML(UJ)-18PCS ,210,          ,
SCP5           ,CHOCSTICK POU 50ML 18 PCS               ,          ,          ,
SCPL           ,STICK COCOSTICPOUCH 50ML (LAZZA)-18PCS  ,          ,          ,
SCPS           ,IC-STICK CHOCSTICK POUCH(50ML)-18 PCS   ,          ,          ,
SCS            ,Stick chocstic(skei)-22                 ,          ,21050000,
SCU            ,STICK CHOCOBAR(UNCO)-22PCS              ,91.55,          ,
SD             ,Fd sl  delite-u# (18 pcs)               ,          ,21050000,
SDC            ,FD-SL ENGLISH DELITE CON.-S ( 18 PCS)   ,          ,21050000,
SDFV           ,IC-XMAS OVIL SPA.SEL+SQ. FP VAN-U       ,          ,          ,
SDL            ,SLICE DELETE (LAZZA)-18PCS              ,          ,          ,
SDS            ,FD-SL DELETE-S# (18 PCS)                ,          ,21050000,
SED            ,SLICE ENGLISH DELETE-18                 ,          ,          ,
SET2           ,MILKY MIST SETCURD-200gm                ,          ,          ,
SF             ,STICKER FRZR 300BL.STAR                 ,          ,          ,
SF3B           ,Sticker frzr-300l.bl.star(uj)           ,          ,3919,
SF3UW          ,Sticker frzr-300l.unjowester            ,          ,3919,
SF3V           ,Sticker frzr-300l.voltas(uj)            ,          ,3919,
SF4UW          ,Sticker frzr-400l.umjo-wester           ,          ,3919,
SID            ,SLICE ITALIAN DELETE-18PCS              ,          ,          ,
SIPI           ,FD- SI LATTE PINEAPPLE U-25 PCS         ,          ,          ,
SIPP           ,FD-SIP UP LATTE PINEAPPLE (U)-25        ,          ,          ,
SIPPL          ,SIPUP LATTE PINEAPPLE(L)-25PCS          ,          ,          ,
SIPS           ,FD-SI LATTE STRAWBERRY-(U)-25PCS        ,          ,          ,
SIPSL          ,FD-SIP UP LATTE STRAWBERRY-L            ,          ,          ,
SIPSS          ,SIP UP LATTE STRAWBERRY (S)-25          ,          ,          ,
SIPUG          ,IC-ICE CANDY GRAPE                      ,          ,          ,
SIPUO          ,IC-ICE CANDY ORANGE                     ,          ,          ,
SIPUP          ,IC-ICE CANDY PINEAPPLE                  ,          ,          ,
SIPUPL         ,ICE CANDY PINE APPLE(LAZZA)             ,28.44,          ,
SIPV           ,SIPUP LATTE VANILA-(U-25 PCS)           ,          ,          ,
SIPVL          ,FD-SIPUP LATTE VANILA-(L)-25 PCS        ,          ,          ,
SIPVS          ,SIPUP LATTE VANILA-S-25 PCS             ,          ,          ,
SK             ,STICK KULFI(UNCJO)                      ,          ,          ,
SKL            ,IC-STICK KULFI(LAZZA)-18PCS             ,          ,          ,
SL             ,FD-SUNDAE 125 ML (LAZZA)-10 PCS         ,150,          ,
SLC            ,Fd-si  late chocolate- y#( 25 pcs )     ,0,21050000,
SLP            ,Fd-si latte pista-y# ( 25 pcs)          ,125,21050000,
SLPI           ,Fd-si  latte pineapple -y # (25 pcs)    ,0,21050000,
SLPIL          ,FD-SI  LATTE PINEAPPLE (L)-25           ,          ,          ,
SLPL           ,2FD-SIPUP LATTE PISTA-(LAZZA)-25 PCS    ,          ,          ,
SLS            ,Fd-si latte strawberry- y# (25 pcs)     ,0,21050000,
SLSL           ,FD-SI LATTE STRAWBERRY-(L)-25PCS        ,          ,          ,
SLV            ,Fd-si  latte vanila-y# ( 25 pcs )       ,125,21050000,
SLVS           ,FD-SI  LATTE VANILA-(S-25 PCS)          ,          ,          ,
SM             ,SPOON MATKA KULFI                       ,          ,          ,
SMC            ,IC-ST MEGA CAR-U-12 PCS                 ,          ,          ,
SP             ,SPOON PLASTIC                           ,          ,          ,
SPOONW         ,SPOON WOODEN                            ,          ,          ,
SPV            ,FD-SP VANILA (UNC JO)                   ,76.07,          ,
SPVZ           ,SP VANILA (LAZZA)                       ,          ,          ,
SS             ,Spoon scoop-trading                     ,241.02,7615,
SSD            ,SLICE SPANISH DELETE-18 PCS             ,187.52,          ,
SSS            ,FD-SM SWINGER 100 ML-S- 15PCS           ,          ,          ,
STCBR          ,ST.CHOCOBAR(UNCJO)-MCBAR.CART-22        ,          ,          ,
STCBRL         ,ST COCOSTIC(LAZZA)-MCBAR.CART-22        ,          ,          ,
STCBRS         ,ST.CHOCSTIC(SKEI)-MCBAR.CART-22PCS      ,          ,          ,
STP            ,STICK CH. TICK POUCH-20                 ,106.36,          ,
SV             ,IC-TRUFPK-1L SUGARFREE VANILA(U)        ,          ,          ,
SWIRL          ,Ic - su swirl cocktail- u ( 10  pcs)    ,0,21050000,
SWIRL-100      ,FD-SWIRL 100 ML (UNCO)-15 PCS           ,          ,          ,
SWIRL100       ,FD-SWIRL 100 ML (UNCO)-15 PCS           ,180,          ,
SWIRLS         ,Ic- su swing er cocktail-s (10pcs)      ,200,21050000,
SWIRLZ         ,FUNDAE COCKTAIL(LAZZA)                  ,          ,          ,
SYA            ,SY. SYRUP ALMOND                        ,          ,          ,
SYB            ,Sy.syrup  butterscotch 1500gm           ,200,2106,
SYBC           ,Sy .syrub black current 1500gm          ,98.81,2106000,
SYBU           ,SY SYRUP BUTTERSCOTCH                   ,          ,          ,
SYC            ,Sy.syrup  chocolate 1400gm              ,279.46,2106,
SYH            ,SYRUP HONEY 1500GM                      ,          ,          ,
SYJ            ,SY JAGGERI                              ,180,          ,
SYM            ,SY MINT                                 ,175,2106000,
SYMA           ,Sy syrup  mango 1500gm                  ,200,2106,
SYO            ,SY.SYRUP ORANGE                         ,          ,2106000,
SYP            ,Sy .syrup pista green 1500gm            ,0,2106,
SYP1           ,Sy .syrup pista green 1500gm            ,          ,2106,
SYPEACH        ,SY PEACH                                ,          ,          ,
SYPI           ,Sy pineapple 1500gm                     ,175,2106,
SYS            ,Sy .syrup strawberry 1500gm             ,200,2106,
TC             ,TRIPLE CHOCOBAR(LAZZA)-3PCS             ,          ,          ,
TCC            ,FD-NO-TWIN FLV CASSATA CARTON(U)        ,          ,          ,
TCCL           ,FD-NO TWIN FLY.CASSATTA CARTON(L)       ,          ,          ,
TCCS           ,FD-NO TWIN FLY.CASSATTA CARTON(S)       ,          ,          ,
TCFV           ,XMAS OVIL TEN.COC+SQFP VA TR-S          ,          ,          ,
TCNL           ,TRUFPK-IL CHIKKU-NFL (LAZZA)            ,          ,          ,
TFC            ,Fd no twin flv.cassata carton(u)-24pcs  ,          ,21050000,
TFCL           ,FD NO TWIN FLY.CASSATA CARTON(L)-20 PCS ,          ,          ,
TFH            ,TRUF PACK FIG&HONEY(UJ)                 ,          ,          ,
TIC            ,IC TRUFK-1L CHIKKU (UNCJO)              ,          ,          ,
TIT            ,IC TRUFK-1L TENDER COCONUT (UNCJO)      ,          ,          ,
TMANT          ,Tr 1l mango alphons nfl-u               ,0,21050000,
TMANTL         ,Tr 1l mango alphonso nfl tr-l           ,          ,21050000,
TNB            ,TRUFPK-1L NFL BLUEBERY TR-U             ,          ,          ,
TNBL           ,TRUFPK-1L NFL BLUEBERY TR-L             ,          ,          ,
TNC            ,Tr1l  nfl chikku tr-u                   ,          ,21050000,
TNCL           ,Tr 1l  nfl chikku tr-l                  ,          ,21050000,
TNML           ,TRUFK 1L NFL MANGO.ALPH.TR-L            ,170,21050000,
TNMS           ,TRUFK 1L NFL MANGO.ALPH.TR-S            ,          ,21050000,
TNPI           ,TRUFK-1L NFL PINEAPPLE TR-U             ,150,21050000,
TNPIL          ,Tr1l  nfl  pineapple tr-l               ,150,21050000,
TNSL           ,TRUFPK-1L NFL STRAWBERRY TR-L           ,170,          ,
TNTC           ,Tr1l  nfl tender coco. tr-u             ,225,21050000,
TNTCL          ,Tr1l nfl tender coco.tr-l               ,305,21050000,
TPB            ,TRUFF PACK BUT.CARAMEL(U)               ,145,          ,
TPBC           ,TRF.PAK BLACK CURRANT(UNCJO)            ,133.41,          ,
TPBCL          ,TRF.PK BLACK CURRANT(LAZZA)             ,          ,          ,
TPBL           ,TRF,PK BUT.CARAMEL(LAZZA)               ,130,0
TPBLUE         ,IC-TRUF PK BLUEBERRY(UNCJO)             ,          ,          ,
TPBLUEL        ,TRUF PK BLUEBERRY(LAZZA)                ,          ,          ,
TPBLUES        ,IC-TRUF PK BLUEBERRY(SKEI)              ,          ,          ,
TPBP           ,FD-TWIN PK NUT BUT&PISTA [UJ]           ,92.2,          ,
TPBR           ,IC-TRUF PK BISCUT ROCKY(UNCJO)          ,          ,          ,
TPBS           ,IC-TRUFK BUTTERSCOTCH CARAMEL(S)        ,          ,          ,
TPBUBS         ,IC-TRUF PK BUBLY(SKEI)                  ,          ,          ,
TPC            ,TRUFPK - L OVAL CHOCOLATE(UJ)           ,160,          ,
TPCL           ,TRUF PACK CHOCOLATE(LAZZA)              ,145,          ,
TPCNL          ,IC-TRUFK-IL CHIKKU-NFL (LAZZA)          ,          ,          ,
TPCNT          ,IC-TRUFPK-1L CHIKKU-NFL(UNCJO)          ,          ,          ,
TPCP           ,TRUF PACK CHOCOLATE PLUS                ,          ,          ,
TPCS           ,TRUF PACK CHOCOLATE (SKEI)              ,140,          ,
TPFH           ,TRUF PACK FIG&HONEY(UJ)                 ,          ,          ,
TPFHL          ,TP FIG&HONEY(LAZZA)                     ,          ,          ,
TPG            ,TP GARDEN STRAWBERRY                    ,36.43,          ,
TPID           ,TRUFF PACK ITALIAN DELITE               ,          ,          ,
TPIDL          ,TRUF PACK ITALIAN DELIGHT(L)            ,          ,          ,
TPLP           ,IC-TRUF PK LATTE PRALINE(UNCJO)         ,          ,          ,
TPM            ,TRUFF PACK MANGO                        ,          ,          ,
TPMA           ,TRUF PACK MANGO ALPHONSO                ,132.02,          ,
TPMAL          ,TRUF PACK MANGO AIPHONSO(LAZZA)         ,          ,          ,
TPMANT         ,Ic-trufk-il mango alphons nfl(l)        ,240,21050000,
TPNB           ,IC-TRUFPK-1L NUT BUTTERSCOTCH (U)       ,150,          ,
TPO            ,TRUFPK- 1L ORANGE(UNCJO)                ,          ,          ,
TPP            ,TP PISTACHIO (UJ)                       ,          ,          ,
TPPA           ,TRUF PACK PAYASAM(UNJ)                  ,          ,          ,
TPPAL          ,TRUF PACK PAYASAM(LAZZA)                ,          ,          ,
TPPC           ,TPUFP IL TENDER COCONUT(UNCJO)          ,          ,          ,
TPPG           ,TRFPK-1L OVAL  PISTA GREEN(UJ)          ,145,          ,
TPPGL          ,TRP PISTA GREEN(LAZZA)                  ,          ,          ,
TPPGS          ,TRUF PACK PISTAGREEN(SKEI)              ,140,          ,
TPPI           ,TR.PK.PINEAPPLE (UJ)                    ,          ,          ,
TPPINT         ,IC-TRUFPK-1L PINEAPPLE NATFL            ,          ,          ,
TPPNT          ,IC-TRUF PK BISCUT ROCKY(UNCJO)          ,          ,          ,
TPPS           ,TP PISTACHIO (SKEI)                     ,          ,          ,
TPRA           ,TRUF PACK ROASTED ALMOND(U)             ,71.5,          ,
TPS            ,TRUFPK - 1L OVAL STRAWBERRY(UJ)         ,105,          ,
TPSD           ,TRUF.PACK SPANISH DELITE(UNCJ)          ,143.33,          ,
TPSFV          ,IC-TRUFPK-1L SUGARFREE VANILA(U)        ,          ,          ,
TPSL           ,TRF.PK STRAWBERRY(LAZA)                 ,95,          ,
TPSNT          ,IC-TRUFPK-IL GARD STRAWB NATFL(U)       ,          ,          ,
TPSS           ,TRUF PACK STRAWBERRY(SKEI)              ,          ,          ,
TPTC           ,IC TRUFK-1L TENDER COCONUT (UNCJO)      ,          ,          ,
TPV            ,IC-TP PISTA RICH+TP VANILA GOLD-U(2PCS) ,          ,21050000,
TPVL           ,IC-TRUFPK-IL OVAL VANILLA (LAZZA)       ,          ,          ,
TPVP           ,IC- TP VANILA GOLD+TP PISTA RICH-U      ,0,21050000,
TPVPL          ,IC- TP VANILA GOLD+TP PISTA RICH-L      ,          ,21050000,
TPVS           ,FD-TWIN PACK VANILA&STRAWBERRY          ,49.79,          ,
TPVSK          ,TRUF PACK VANILA(SKEI)                  ,          ,          ,
TPYBB          ,IC-TRUF PK YOGHURT BLUE BERRY-(S)       ,          ,          ,
TTPMANT        ,TRUFPK-1L NFL TENDER COCO.TR-L          ,          ,21050000,
TWC            ,TWIN FLV.CASSATA CARTON(U)-20PCS        ,          ,          ,
TWCL           ,TWIN FLV.CASSATA CARTON(L)-20PCS        ,          ,          ,
UM             ,UMBRELLA-UNCJO                          ,          ,6601,
YH             ,YOGHURT 24 PCS                          ,          ,          ,
Z              ,                                        ,          ,          ,
